"Roofit Industries Limited",RATNABLDG,ROOFITIND,1999-09-15
"Alembic Limited",ALMBICHEM,ALEMBICLTD,1999-09-22
"HCL Infosystems Limited",HCL-HP,HCL-INSYS,2000-04-12
"Chennai Petroleum Corporation Limited",MADRASREFN,CHENNPETRO,2000-08-09
"Netvista Information Technology Limited",KRAFTIND,NETVISTAIT,2000-08-09
"Wartsila India Limited",WARTDEISEL,WARTSILA,2000-09-20
"Ambuja Cement Rajasthan Limited",DLFCEMENT,AMBUJARAJN,2001-08-20
"NuCent Finance Limited",PRESSMAN,NUCENTFIN,2001-08-20
"Saregama India Limited",GRAMOPHONE,SAREGAMA,2001-08-20
"Schaeffler India Limited",FAGPRECISN,FAGBEARING,2001-08-20
"Seamec Limited",PEERLESHIP,SEAMECLTD,2001-08-20
"Vatsa Music Limited",BABABUSERV,VATSMUSC,2001-08-20
"Ausom Enterprise Limited",COREBIO,COREEMBLG,2001-10-15
"TVS Motor Company Limited",TVS-SUZUKI,TVSMOTOR,2001-12-03
"Madura Coats Limited",COATVIYELA,MADURACOAT,2002-11-29
"Agro Tech Foods Limited",ITCAGRO,ATFL,2002-12-31
"Graphite India Limited",CARBEVFLOW,GRAPHITE,2003-01-13
"Hinduja TMT Limited",HINDUJAFIN,HTMT,2003-01-13
"Pharmacia Healthcare Limited",ABBOTTLAB,PHARMACIA,2003-03-24
"Kotak Mahindra Bank Limited",KOTAKMAH,KOTAKBANK,2003-04-21
"GE Power India Limited",ABBALPO,APIL,2003-05-19
"PSL Limited",PSLHOLD,PSL,2003-05-19
"Sanofi India Limited",HOECHST,AVENTIS,2003-05-19
"Tata Teleservices (Maharashtra) Limited",HUGHESTELE,TATATELSER,2003-06-25
"Sterling Biotech Limited",STERLINTEA,STERLINBIO,2003-07-09
"e-Serve International Limited",CITICORSEC,E-SERVEINT,2003-07-09
"GlaxoSmithKline Consumer Healthcare Limited",SMITKLBECH,GSKCONS,2003-07-29
"iGate Global Solutions Limited",MASCOT,IGS,2003-08-07
"ATN International Limited",ARIHANTCRE,ATNINT,2003-09-17
"Infomedia India Limited",TATAPRESS,TATAINFO,2003-09-17
"Venky's (India) Limited",WESTHATCH,VENKEYS,2003-09-17
"Jubilant Life Sciences Limited",VAMORGANIC,JUBILANT,2003-09-30
"Automotive Stampings and Assemblies Limited",JBMT,ASAL,2003-10-14
"Tata Motors Limited",TELCO,TATAMOTORS,2003-12-26
"Shiva Texyarn Limited",ANAMALFIN,SHIVTEX,2004-01-22
"Tata Steel Long Products Limited",IPITATASPO,TATASPONGE,2004-02-11
"Zensar Technologies Limited",FUJITSICIM,ZENSARTECH,2004-03-04
"BSEL Infrastructure Realty Limited",BSELINFO,BSELINFRA,2004-03-12
"Panasonic AVC Networks India Company Limited.",MTAL,PAVCI,2004-03-12
"Reliance Infrastructure Limited",BSES,REL,2004-03-12
"Micro Inks Limited",HINDINKS,MICRO,2004-03-26
"Atcom Technologies Limited",ATCOIND,ATCOM,2004-04-29
"Trent Limited",LAKME,TRENT,2004-06-07
"3M India Limited",BIRLA3M,3MINDIA,2004-06-15
"MphasiS Limited",BFLSOFTWAR,MPHASISBFL,2004-06-15
"Procter & Gamble Hygiene and Health Care Limited",P&G,PGHH,2004-07-07
"DIC India Limited",COATESIND,DICIND,2004-09-06
"Greaves Cotton Limited",GREAVES,GREAVESCOT,2004-09-09
"JD Orgochem Limited",JAYSYNTDYE,JDORGO,2004-09-13
"OCL India Limited",ORISSACEM,OCL,2004-09-15
"Kinetic Motor Company Limited",KINHONDA,KINETICMOT,2004-09-20
"Videocon Industries Limited",VDOLEASE,VIDEOIND,2004-09-21
"Ador Welding Limited",ADVANIORLI,ADORWELD,2004-09-27
"Carol Info Services Limited",WOCKLIFE,CAROLINFO,2004-09-27
"Peninsula Land Limited",MORARJESPG,MORAREALTY,2004-10-15
"SKF India Limited",SKFBEARING,SKFINDIA,2004-10-20
"Usha Martin Limited",USHABEL,USHAMART,2004-10-20
"AGC Networks Limited",TATATELECM,AVAYAGCL,2004-11-01
"Greenply Industries Limited",MITTALLAMI,GREENPLY,2004-12-09
"Lotte India Corporation Limited",PARRYSCON,LOTTEINDIA,2004-12-17
"Crest Animation Studios Limited",CRESTCOMM,CRESTANI,2005-01-04
"GTL Limited",GLOBALTELE,GTL,2005-01-14
"Tata Teleservices (Maharashtra) Limited",TATATELSER,TTML,2005-01-14
"Aban Offshore Limited",ABANLLOYD,ABANLOYD,2005-01-17
"Jindal Saw Limited",SAWPIPES,JINDALSAW,2005-02-18
"Atul Limited",ATULPROD,ATUL,2005-03-10
"Linde India Limited",IOL,BOC,2005-03-10
"Flextronics Software Systems Limited",HUGHESSOFT,FSS,2005-03-17
"Bhansali Engineering Polymers Limited",BHANSALENG,BEPL,2005-03-21
"Honeywell Automation India Limited",TATAHONEY,HONAUT,2005-03-24
"Windsor Machines Limited",DGPWINDSOR,WINDSOR,2005-04-05
"Igarashi Motors India Limited",CGIGARSH,IGARASHI,2005-04-21
"Everest Industries Limited",ETERNEVRST,EVERESTIND,2005-05-27
"Nalwa Sons Investments Limited",JSTRIPS,NSIL,2005-06-07
"Torrent Power SEC Limited",SURATELEC,TORRENTSEC,2005-06-07
"INEOS Styrolution India Limited",ABSIND,LANABS,2005-06-14
"Marico Limited",MARICOIND,MARICO,2005-06-14
"Premier Limited",PREMAUTO,PREMIER,2005-06-14
"Cummins India Limited",KIRLOSKCUM,CUMMINSIND,2005-06-17
"Torrent Power AEC Limited",AHMEDELEC,TORRENTAEC,2005-06-17
"Man Industries (India) Limited",MANALUMN,MANINDS,2005-06-24
"Tata Investment Corporation Limited",INVESTCORP,TATAINVEST,2005-07-07
"Trigyn Technologies Limited",LEADEDSYS,TRIGYN,2005-07-26
"AXISCADES Engineering Technologies Limited",IT&T,AXIS-IT&T,2005-08-16
"ING Vysya Bank Limited",VYSYABANK,INGVYSYABK,2005-08-16
"ITD Cementation India Limited",TRAFALHSE,ITDCEM,2005-08-16
"Pricol Limited",PREMINSTR,PRICOL,2005-08-16
"Quintegra Solutions Limited",SOFFIASOFT,QUINTEGRA,2005-08-22
"Rane Holdings Limited",RANEMADRAS,RANEHOLDIN,2005-08-22
"Exide Industries Limited",CHLORIDIND,EXIDEIND,2005-09-12
"Indo Count Industries Limited",INDOCOUNT,ICIL,2005-09-12
"JSW Steel Limited",JSWSTL,JSWSTEEL,2005-09-16
"Sunflag Iron And Steel Company Limited",SUNFLAGIRN,SUNFLAG,2005-09-29
"Tata Steel Limited",TISCO,TATASTEEL,2005-10-17
"Sambhaav Media Limited",PERLENGINF,SAMBHAAV,2005-10-18
"Marksans Pharma Limited",TASCPHARMA,MARKSANS,2005-11-14
"PAE Limited",PREMAUTOEL,PAEL,2005-11-23
"Wopolin Plastics Limited",BAJAJPLAST,WOPOLIN,2005-11-23
"Aditya Birla Chemicals (India) Limited",BIHARCAUST,BCCL,2005-12-05
"Centurion Bank of Punjab Limited",CENBNK,CENTBOP,2005-12-06
"Aditya Birla Nuvo Limited",INDRAYON,ABIRLANUVO,2005-12-07
"Simplex Infrastructures Limited",SIMPLEXCON,SIMPLEXINF,2005-12-21
"Nagreeka Exports Limited",NAGREKAEXP,NAGREEKA,2005-12-22
"JBM Auto Limited",JBMAUTOCOM,JBMA,2006-01-04
"Ansal Properties & Infrastructure Limited",ANSALPROP,ANSALINFRA,2006-01-27
"Bosch Chassis Systems India Limited",KALYANBRAK,BOSCHCHASY,2006-02-10
"Summit Securities Limited",KECINTL,KECINFRA,2006-02-21
"GTN Industries Limited",GTNTEXT,GTNIND,2006-02-24
"Shreyas Shipping & Logistics Limited",SHREYASHIP,SHREYAS,2006-04-03
"Adroit Infotech Limited",ARHAMFISCL,COLORCHIPS,2006-04-04
"Gillette India Limited",INDSHAVING,GILLETTE,2006-04-04
"Honda India Power Products Limited",SHRMHONDA,HONDAPOWER,2006-04-04
"Johnson Controls - Hitachi Air Conditioning India Limited",AMTREXAPPL,HITACHIHOM,2006-04-04
"RPG Cables Limited",RPGTELECOM,RPGCABLES,2006-04-04
"SI Group - India Limited",HERDILCHEM,SCHENHERD,2006-04-04
"Tata Coffee Limited",CONSCOFFEE,TATACOFFEE,2006-04-04
"Vardhman Holdings Limited",VSGML,VHL,2006-04-17
"GMR Industries Limited",GMRVASAVI,GMRINDSTRS,2006-04-28
"Cholamandalam Investment and Finance Company Limited",CHOLAINV,CHOLADBS,2006-06-01
"Clariant Chemicals (India) Limited",COLORCHEM,CLNINDIA,2006-06-05
"Peninsula Land Limited",MORAREALTY,PENINLAND,2006-06-09
"Bharti Airtel Limited",BHARTI,BHARTIARTL,2006-06-19
"Reliance Communications Limited",RCVL,RCOM,2006-06-30
"Mirza International Limited",MIRZATAN,MIRZAINT,2006-07-05
"Hindustan Construction Company Limited",HINDCONS,HCC,2006-07-10
"Xchanging Solutions Limited",SCANDENT,CAMBRIDGE,2006-07-17
"Kansai Nerolac Paints Limited",GOODLASNER,KANSAINER,2006-07-26
"Nava Bharat Ventures Limited",NAVBARFERO,NBVENTURES,2006-07-31
"Wendt (India) Limited",WENDTINDIA,WENDT,2006-08-07
"Aban Offshore Limited",ABANLOYD,ABAN,2006-08-18
"Kohinoor Foods Limited",SATNAMOVER,KOHINOOR,2006-08-18
"RSWM Limited",RAJASSPG,RSWM,2006-09-01
"Wyeth Limited",WYETHLEDE,WYETH,2006-09-01
"Bhagyanagar India Limited",BAGYAMETAL,BHAGYNAGAR,2006-09-12
"Federal-Mogul Goetze (India) Limited.",GOETZEIND,FMGOETZE,2006-09-12
"Adani Enterprises Limited",ADANIEXPO,ADANIENT,2006-09-20
"Aztecsoft Limited",AZTEC,AZTECSOFT,2006-09-20
"Elecon Engineering Company Limited",ELECONENGG,ELECON,2006-09-29
"Vardhman Textiles Limited",MAHAVIRSPG,VTL,2006-10-11
"Apcotex Industries Limited",APCOTEXLAT,APCOTEXIND,2006-11-01
"Precot Meridian Limited",PRECOTMILL,PRECOT,2006-11-01
"Bharat Bijlee Limited",BARATBIJLE,BBL,2006-11-21
"Aftek Limited",AFTEKINFO,AFTEK,2006-11-27
"SI Group - India Limited",SCHENHERD,SIGROUPIND,2006-11-28
"Blue Coast Hotels Limited",MOREPENHTL,BLUECOAST,2006-12-05
"Brabourne Enterprises Limited",SEARLEIND,RPGLS,2006-12-05
"RPG Transmission Limited",SAELTD,RPGTLTD,2006-12-05
"MM Forgings Limited",MMFORGINGS,MMFL,2006-12-20
"Spentex Industries Limited",SPENTXIND,SPENTEX,2006-12-20
"Banco Products (I) Limited",BANCOPROD,BANCOINDIA,2006-12-22
"MphasiS Limited",MPHASISBFL,MPHASIS,2006-12-26
"Crest Ventures Limited",SHARYANRES,SHARRESLTD,2006-12-27
"Sathavahana Ispat Limited",SATHVANISP,SATHAISPAT,2006-12-27
"Kesar Enterprises Limited",KESARENTER,KESARENT,2007-01-02
"Nilkamal Limited",NILKAMPLST,NILKAMAL,2007-01-05
"IG Petrochemicals Limited",IGPETRO,IGPL,2007-01-29
"Sagar Cements Limited",SAGARCEM,SAGCEM,2007-01-29
"Siyaram Silk Mills Limited",SIYARSILK,SIYSIL,2007-01-29
"Timken India Limited",TATATIMKEN,TIMKEN,2007-02-06
"TVS Srichakra Limited",SRICHAKTYR,TVSSRICHAK,2007-02-13
"Zee Entertainment Enterprises Limited",ZEETELE,ZEEL,2007-02-28
"Ganesh Housing Corporation Limited",GANHSGFIN,GANESHHOUC,2007-03-02
"Himadri Speciality Chemical Limited",HIMADCHEM,HCIL,2007-03-02
"Somany Ceramics Limited",SPLLTD,SOMANYCERA,2007-03-21
"AstraZeneca Pharma India Limited",ASTRAIDL,ASTRAZEN,2007-04-10
"The Madras Aluminium Company Limited",MADRASALMN,MALCO,2007-04-12
"UFLEX Limited",FLEX,UFLEX,2007-04-17
"Entegra Limited",INDUJENERT,ENTEGRA,2007-04-25
"Chettinad Cement Corporation Limited",CHETNADCEM,CHETTINAD,2007-05-17
"Gujarat Apollo Industries Limited",GUJAPOLEQP,GUJAPOLIND,2007-06-04
"Birla Power Solutions Limited",BIRLAYAMAH,BIRLAPOWER,2007-06-06
"SIL Investments Limited",SUTLEJINDS,SILINV,2007-06-21
"Advani Hotels & Resorts (India) Limited",RAMADHOTEL,ADVANIHOTR,2007-06-25
"Gujarat Apollo Industries Limited",GUJAPOLIND,GUJAPOLLO,2007-07-06
"Hindustan Unilever Limited",HINDLEVER,HINDUNILVR,2007-07-19
"Ambuja Cements Limited",GUJAMBCEM,AMBUJACEM,2007-07-24
"W S Industries (I) Limited",WSIND,WSI,2007-08-01
"Deccan Cements Limited",DECCANCEM,DECCANCE,2007-08-02
"Jai Balaji Industries Limited",BALASPONGE,JAIBALAJI,2007-08-10
"Axis Bank Limited",UTIBANK,AXISBANK,2007-08-16
"De Nora India Limited",TITANOCOMP,DENORA,2007-08-20
"Hindalco Industries Limited",HINDALC0,HINDALCO,2007-08-27
"Srikalahasthi Pipes Limited",LANCOIND,LANCOIN,2007-08-28
"Nahar Poly Films Limited",NAHAREXPOT,NAHARINVST,2007-11-01
"Procter & Gamble Health Limited",EMERCK,MERCK,2007-11-05
"Gulf Oil Corporation Limited",IDLCHEM,GULFOILCOR,2007-11-08
"Glodyne Technoserve Limited",PARADYNE,GLODYNE,2007-11-19
"Mahindra Lifespace Developers Limited",GESCOCORP,MAHLIFE,2007-11-23
"NXTDIGITAL LIMITED",HINDUJATMT,HINDUJAVEN,2007-11-29
"Sterlite Technologies Limited",STROPTICAL,STRTECH,2007-12-17
"Genus Power Infrastructures Limited",GENUSOVERE,GENUSPOWER,2008-01-14
"Supreme Tex Mart Limited",SUPREMYARN,SUPREMETEX,2008-02-15
"IOL Netcom Limited",IOLB,IOLN,2008-02-18
"Jayaswal Neco Industries Limited",NAGPURENG,JAYNECOIND,2008-02-22
"SKIL Infrastructure Limited",HORIZONBAT,HORIZONINF,2008-02-22
"AMD Industries Limited",AMDMET,AMDIND,2008-02-25
"Era Infra Engineering Limited",ERACONS,ERAINFRA,2008-02-25
"Fame India Limited",SHRINGAR,FAME,2008-02-25
"Tata Communications Limited",VSNL,TATACOMM,2008-02-25
"Bosch Limited",MICO,BOSCHLTD,2008-02-28
"Olectra Greentech Limited",GOLDTELE,GOLDINFRA,2008-02-29
"Rain Industries Limited",PRIYADCEM,RAINCOM,2008-03-03
"Shalimar Paints Limited",SHALMPAINT,SHALPAINTS,2008-03-03
"Bajaj Holdings & Investment Limited",BAJAJAUTO,BAJAJHLDNG,2008-03-14
"Brabourne Enterprises Limited",RPGLS,BRABOURNE,2008-03-14
"Hinduja Foundries Limited",ENNOREFO,HINDUJAFO,2008-03-24
"3P Land Holdings Limited",PDUMJEAGRO,PDUMJEIND,2008-03-28
"EIH Associated Hotels Limited",OBERHOTEL,EIHAHOTELS,2008-04-08
"Summit Securities Limited",KECINFRA,SUMMIT,2008-04-21
"Digjam Limited",BVXL,DIGJAM,2008-04-28
"Piramal Glass Limited",GUJGLASS,PIRGLASS,2008-05-12
"TV18 Broadcast Limited",GBN,IBN18,2008-05-15
"Reliance Infrastructure Limited",REL,RELINFRA,2008-05-16
"Anik Industries Limited",MPGLYCEM,ANIKINDS,2008-05-21
"Value Industries Limited",VDOCONAPPL,VALUEIND,2008-05-22
"SORIL Infra Resources Limited",PIRAMYDRET,IBRETAILS,2008-06-09
"Piramal Enterprises Limited",NICOLASPIR,PIRHEALTH,2008-06-19
"PVP Ventures Limited",SOFTSOLINT,PVP,2008-06-23
"Abhishek Corporation Limited",AML,ABHISHEK,2008-06-26
"GE T&D India Limited",GECALSTHOM,AREVA,2008-06-30
"Arvind Limited",ARVINDMILL,ARVIND,2008-07-07
"GE T&D India Limited",AREVA,AREVAT&D,2008-07-14
"INEOS Styrolution India Limited",LANABS,INEABS,2008-07-21
"Birla Corporation Limited",BIRLAJUTE,BIRLACORPN,2008-07-28
"Oracle Financial Services Software Limited",I-FLEX,OFSS,2008-09-18
"Golden Tobacco Limited",GTCIND,GOLDENTOBC,2008-09-29
"Geodesic Limited",GEOINFO,GEODESIC,2008-10-06
"Kingfisher Airlines Limited",AIRDECCAN,KFA,2008-10-06
"Indbank Merchant Banking Services Limited",INDBANKMER,INDBANK,2008-10-08
"Kalyani Steels Limited",KALYANISTL,KALSTEELS,2008-10-21
"Jindal Stainless Limited",JSTAINLESS,JSL,2008-10-23
"Karuturi Global Limited",KNL,KGL,2008-11-20
"Delta Corp Limited",ARROWGROUP,DELTACORP,2008-12-11
"Delta Manufacturing Limited",GPELECT,DELTAMAGNT,2008-12-15
"Elgi Rubber Company Limited",ELGITYRE,ELGIRUBBER,2008-12-22
"Hinduja Global Solutions Limited",HTMTGLOBAL,HGSL,2009-01-23
"Fresenius Kabi Oncology Limited",DABURPHARM,FKONCO,2009-02-19
"Noesis Industries Limited",MEDIA,MVLIND,2009-02-20
"Aditya Birla Chemicals (India) Limited",BCCL,ABCIL,2009-03-09
"Phoenix Lamps Limited",PHOENIXLMP,HALONIX,2009-03-09
"Solar Industries India Limited",SOLAREX,SOLARINDS,2009-04-13
"Datamatics Global Services Limited",DATATECH,DATAMATICS,2009-04-20
"HSIL Limited",HINDSANIT,HSIL,2009-04-27
"Insecticides (India) Limited",IILTD,INSECTICID,2009-05-11
"HeidelbergCement India Limited",MYSORECEM,HEIDELBERG,2009-05-15
"Geojit Financial Services Limited",GEOJIT,GEOJITBNPP,2009-06-05
"Ajmera Realty & Infra India Limited",SHREE,AJMERA,2009-06-23
"Hubtown Limited",AKRUTI,ACKRUTI,2009-06-30
"XL Energy Limited",XLTL,XLTELENE,2009-07-22
"Smartlink Holdings Limited",D-LINK,SMARTLINK,2009-07-29
"Savita Oil Technologies Limited",SAVITACHEM,SOTL,2009-08-24
"HSBC InvestDirect (India) Limited",INVSTSMART,HINVDIR,2009-09-07
"Aditya Birla Money Limited",APOLLOSIND,BIRLAMONEY,2009-09-09
"MPS Limited",MACMILLAN,MPSLTD,2009-09-11
"Coromandel International Limited",COROMNFERT,COROMANDEL,2009-10-12
"Reliance MediaWorks Limited",ADLABSFILM,RELMEDIA,2009-10-20
"SORIL Infra Resources Limited",IBRETAILS,STOREONE,2009-10-26
"Ausom Enterprise Limited",COREEMBLG,AUSOMENT,2009-12-01
"Oriental Trimex Limited",OTL,ORIENTALTL,2009-12-17
"GSL Nova Petrochemicals Limited",NOVA,GSLNOVA,2009-12-18
"Usha Martin Education & Solutions Limited",UMITL,UMESL,2010-01-07
"Jaiprakash Power Ventures Limited",JPHYDRO,JPPOWER,2010-01-08
"Surana Telecom and Power Limited",SURANATELE,SURANAT&P,2010-02-08
"GeeCee Ventures Limited",GWALCHEM,GEECEE,2010-03-05
"Kirloskar Electric Company Limited",KIRELECTRI,KECL,2010-03-09
"Zandu Realty Limited",ZANDUPHARM,ZANDUREALT,2010-03-10
"IVRCL Assets & Holdings Limited",IVRPRIME,IVRCLAH,2010-04-13
"IL&FS Transportation Networks Limited",ILFSTRANS,IL&FSTRANS,2010-04-16
"Ansal Properties & Infrastructure Limited",ANSALINFRA,ANSALAPI,2010-05-14
"SPML Infra Limited",SUBHASPROJ,SPMLINFRA,2010-05-14
"Welspun Corp Limited",WELGUJ,WELCORP,2010-05-17
"Akzo Nobel India Limited",ICI,AKZOINDIA,2010-05-27
"Metkore Alloys & Industries Limited",GMRFER,CRONIMET,2010-06-02
"AGC Networks Limited",AVAYAGCL,AGCNET,2010-06-08
"ANG Industries Limited",ANGAUTO,ANGIND,2010-06-16
"Cholamandalam Investment and Finance Company Limited",CHOLADBS,CHOLAFIN,2010-06-22
"Sezal Glass Limited",SEJALGLASS,SEZALGLASS,2010-07-14
"SREI Infrastructure Finance Limited",SREINTFIN,SREINFRA,2010-07-21
"TATA CONSUMER PRODUCTS LIMITED",TATATEA,TATAGLOBAL,2010-07-21
"Coral Hub Limited",VITLINFO,CORALHUB,2010-07-26
"Dhunseri Ventures Limited",DTIL,DPTL,2010-07-26
"Reliance Broadcast Network Limited",RMEDIA,RBN,2010-08-20
"Bajaj Finance Limited",BAJAUTOFIN,BAJFINANCE,2010-09-29
"Dalmia Bharat Sugar and Industries Limited",DALMIACEM,DALMIASUG,2010-09-30
"Cura Technologies Limited",SOFTPRO,CURATECH,2010-11-23
"Parrys Sugar Industries Limited",GMRINDS,PARRYSUGAR,2010-12-02
"Oberoi Realty Limited",OBEROIREAL,OBEROIRLTY,2010-12-10
"XL Energy Limited",XLTELENE,XLENERGY,2010-12-13
"VA Tech Wabag Limited",VATECH,WABAG,2010-12-15
"Welspun Enterprises Limited",MSKPROJ,WELPROJ,2011-01-04
"SML Isuzu Limited",SWARAJMAZD,SMLISUZU,2011-01-17
"Shasun Pharmaceuticals Limited",SHASUNCHEM,SHASUNPHAR,2011-01-28
"IL&FS Engineering and Construction Company Limited",MAYTASINFR,IL&FSENGG,2011-02-08
"Net 4 India Limited",NET4INDIA,NET4,2011-02-28
"Alicon Castalloy Limited",ENKEI,ALICON,2011-03-04
"KSS Limited",KSERAPRO,KSERASERA,2011-03-07
"NCC Limited",NAGARCONST,NCC,2011-03-15
"Maan Aluminium Limited",MANALU,MAANALU,2011-03-16
"Kiri Industries Limited",KIRIDYES,KIRIINDUS,2011-03-28
"VTX Industries Limited",VIJAYTEX,VTXIND,2011-04-04
"Trident Limited",ABSHEKINDS,TRIDENT,2011-05-03
"Global Offshore Services Limited",GARWOFFS,GLOBOFFS,2011-06-07
"Nahar Poly Films Limited",NAHARINVST,NAHARPOLY,2011-06-15
"Next Mediaworks Limited",MID-DAY,NEXTMEDIA,2011-06-15
"Infosys Limited",INFOSYSTCH,INFY,2011-06-29
"TV18 Broadcast Limited",IBN18,TV18BRDCST,2011-07-19
"DiGiSPICE Technologies Limited",SPICEMOBIL,SMOBILITY,2011-07-26
"Hero MotoCorp Limited",HEROHONDA,HEROMOTOCO,2011-08-08
"JSW ISPAT Steel Limited",ISPATIND,JSWISPAT,2011-08-16
"Eon Electric Limited",INDOASIFU,EONELECT,2011-08-18
"GSS Infotech Limited",GSSAMERICA,GSS,2011-08-24
"WABCO India Limited",WABCO-TVS,WABCOINDIA,2011-09-06
"CORE Education & Technologies Limited",COREPROTEC,COREEDUTEC,2011-09-07
"Reliance Naval and Engineering Limited",PIPAVAVYD,PIPAVAVDOC,2011-09-29
"Stel Holdings Limited",SENTINEL,STEL,2011-11-08
"Hubtown Limited",ACKRUTI,HUBTOWN,2011-11-15
"Career Point Limited",CPIL,CAREERP,2011-11-16
"Hinduja Global Solutions Limited",HGSL,HGS,2011-11-30
"Mercator Limited",MLL,MERCATOR,2011-12-08
"Adani Ports and Special Economic Zone Limited",MUNDRAPORT,ADANIPORTS,2012-01-17
"Kokuyo Camlin Limited",CAMLIN,KOKUYOCMLN,2012-02-14
"V2 Retail Limited",VISHALRET,V2RETAIL,2012-02-24
"Future Market Networks Limited",AGRE,FMNL,2012-03-06
"GE T&D India Limited",AREVAT&D,ALSTOMT&D,2012-03-12
"Texmaco Infrastructure & Holdings Limited",TEXMACOLTD,TEXINFRA,2012-03-20
"Metkore Alloys & Industries Limited",CRONIMET,METKORE,2012-04-02
"Orient Bell Limited",ORIENTCERA,ORIENTBELL,2012-04-17
"Dewan Housing Finance Corporation Limited",DEWANHOUS,DHFL,2012-05-22
"INEOS Styrolution India Limited",INEABS,STYABS,2012-06-20
"Xchanging Solutions Limited",CAMBRIDGE,XCHANGING,2012-06-25
"Pearl Global Industries Limited",HOPFL,PGIL,2012-07-02
"Swelect Energy Systems Limited",NUMERICPW,SWELECTES,2012-07-09
"GE Power India Limited",APIL,AIL,2012-07-11
"Sanofi India Limited",AVENTIS,SANOFI,2012-07-11
"Winsome Diamonds and Jewellery Limited",SURAJDIAMN,WINSOMEDJ,2012-07-24
"India Infoline Finance Limited",IIISL,IIFLFIN,2012-08-27
"Country Condo's Limited",NEOCURE,COUNCODOS,2012-08-31
"Accelya Solutions India Limited",KALECONSUL,ACCELYA,2012-09-06
"Tarmat Limited",ROMAN,TARMAT,2012-09-12
"Piramal Enterprises Limited",PIRHEALTH,PEL,2012-09-21
"Prozone Intu Properties Limited",PROZONE,PROZONECSC,2012-09-24
"Zuari Global Limited",ZUARIAGRO,ZUARIGLOB,2012-09-25
"Siti Networks Limited",WWIL,SITICABLE,2012-10-03
"HIL Limited",HYDRBADIND,HIL,2012-10-26
"BS Limited",BSTRANSCOM,BSLIMITED,2012-11-29
"Capital First Limited",FCH,CAPF,2012-12-06
"Vaibhav Global Limited",VAIBHAVGEM,VAIBHAVGBL,2012-12-24
"Dalmia Bharat Limited",DALMIABEL,DALMIABHA,2013-01-09
"Fidelity Mutual Fund - Fidelity Fixed Maturity Plan -SVI- Plan F",FIFMPS6FD,LTFMPS6FD,2013-01-14
"L&T Fixed Maturity Plan Series - VI Plan F",FIFMPS6FG,LTFMPS6FG,2013-01-14
"L&T Fixed Maturity Plane Series - VI Plan E",FIFMPS6EG,LTFMPS6EG,2013-01-14
"L&T Fixed Maturiy Plan Series - VI Plan F",FIFMPS6ED,LTFMPS6ED,2013-01-14
"Shirpur Gold Refinery Limited",AGEEGOLD,SHIRPUR-G,2013-01-17
"Linde India Limited",BOC,LINDEINDIA,2013-04-10
"Future Enterprises Limited",PANTALOONR,FRL,2013-04-11
"Future Enterprises Limited",PRETAILDVR,FRLDVR,2013-04-11
"Uttam Value Steels Limited",LLOYDSTEEL,UTTAMVALUE,2013-04-29
"TGB Banquets And Hotels Limited",BHAGWATIHO,TGBHOTELS,2013-05-31
"JSW Holdings Limited",JINDALSWHL,JSWHL,2013-07-30
"Zee Media Corporation Limited",ZEENEWS,ZEEMEDIA,2013-07-30
"Capri Global Capital Limited",MMFSL,CGCL,2013-08-05
"Cineline India Limited",CINEPRO,CINELINE,2013-08-23
"Rain Industries Limited",RAINCOM,RAIN,2013-08-23
"Dr. Datson's Labs Limited",AANJANEYA,DRDATSONS,2013-09-02
"Pressman Advertising Limited",NUCENT,PRESSMN,2013-09-11
"Navneet Education Limited",NAVNETPUBL,NAVNETEDUL,2013-09-19
"Ujaas Energy Limited",MBSWITCH,UJAAS,2013-09-23
"The Ramco Cements Limited",MADRASCEM,RAMCOCEM,2013-09-30
"Vedanta Limited",SESAGOA,SSLT,2013-10-04
"Future Consumer Limited",FVIL,FCEL,2013-10-17
"Piramal Phytocare Limited",PIRLIFE,PIRPHYTO,2013-10-23
"UPL Limited",UNIPHOS,UPL,2013-10-23
"Phoenix Lamps Limited",HALONIX,PHOENIXLL,2013-10-30
"Nandan Denim Limited",NANDANEXIM,NDL,2013-11-21
"Vakrangee Limited",VAKRANSOFT,VAKRANGEE,2013-11-27
"ICICI Prudential MF - ICICI Prudential IF S1 - DQDP",IPRU8112,IPRU8122,2013-12-16
"Mahindra CIE Automotive Limited",MAHINDFORG,MAHINDCIE,2013-12-17
"DCB Bank Limited",DCB,DCBBANK,2014-01-15
"Palred Technologies Limited",FOURSOFT,PALRED,2014-01-16
"ANDHRA PAPER LIMITED",APPAPER,IPAPPM,2014-01-21
"Shri Aster Silicates Limited",ASTERSILI,SHRIASTER,2014-02-03
"DCM Shriram Limited",DCMSRMCONS,DCMSHRIRAM,2014-03-13
"IIFL Finance Limited",INDIAINFO,IIFL,2014-03-13
"SKIL Infrastructure Limited",HORIZONINF,SKIL,2014-03-24
"ICICI Prudential Gold ETF",IPGETF,IGOLD,2014-05-05
"ICICI Prudential Nifty 100 ETF",ICCNX100,ICNX100,2014-05-05
"ICICI Prudential Nifty ETF",NIFETF,INIFTY,2014-05-05
"Cyient Limited",INFOTECENT,CYIENT,2014-05-22
"Dalmia Refractories Limited",SHRINATRAJ,DALMIAREF,2014-05-22
"Noesis Industries Limited",MVLIND,NOESISIND,2014-06-04
"ICICI Prudential Sensex ETF",SPICE,ISENSEX,2014-08-18
"DiGiSPICE Technologies Limited",SMOBILITY,SPICEMOBI,2014-08-19
"Expleo Solutions Limited",THINKSOFT,SQSBFSI,2014-09-30
"Prozone Intu Properties Limited",PROZONECSC,PROZONINTU,2014-10-07
"AXISCADES Engineering Technologies Limited",AXIS-IT&T,AXISCADES,2014-10-08
"Crest Ventures Limited",SHARRESLTD,CREST,2014-10-16
"Techindia Nirman Limited",NATHSEED,TECHIN,2014-10-31
"Dhunseri Ventures Limited",DPTL,DPL,2014-11-12
"Surana Solar Limited",SURANAVEL,SURANASOL,2014-11-19
"RattanIndia Infrastructure Limited",IBIPL,RTNINFRA,2014-11-20
"RattanIndia Power Limited",IBPOW,RTNPOWER,2014-11-20
"Srikalahasthi Pipes Limited",LANCOIN,SRIPIPES,2014-12-17
"A2Z Infra Engineering Limited",A2ZMES,A2ZINFRA,2014-12-31
"E-Land Apparel Limited",MUDRA,ELAND,2015-03-13
"Indiabulls Ventures Limited",IBSEC,IBVENTURES,2015-04-01
"Excel Realty N Infra Limited",EXCELINFO,EXCEL,2015-05-05
"GP Petroleums Limited",SAHPETRO,GULFPETRO,2015-05-06
"Vedanta Limited",SSLT,VEDL,2015-05-07
"IZMO Limited",LOGIXMICRO,IZMO,2015-05-15
"Metalyst Forgings Limited",AHMEDFORGE,METALFORGE,2015-06-01
"Castex Technologies Limited",AMTEKINDIA,CASTEXTECH,2015-06-11
"NIPPON INDIA ETF NV20",RELNV20,NETFNV20,2015-06-22
"Welspun Enterprises Limited",WELPROJ,WELENT,2015-06-24
"PIL ITALICA LIFESTYLE LIMITED",PILIND,PILITA,2015-09-03
"Adroit Infotech Limited",COLORCHIPS,SPHEREGSL,2015-10-13
"SVOGL Oil Gas And Energy Limited",SHIV-VANI,SVOGL,2015-10-23
"GOCL Corporation Limited",GULFCORP,GOCLCORP,2015-11-10
"SBI-ETF Gold",SBIGETS,SETFGOLD,2015-11-24
"SBI-ETF Nifty 50",SETFNIFTY,SETFNIF50,2015-11-24
"SBI-ETF Nifty Bank",SETFBANK,SETFNIFBK,2015-11-24
"SBI-ETF Nifty Next 50",SETFNIFJR,SETFNN50,2015-11-24
"Kotak Mahindra MF - Kotak NV 20 ETF - DPO",KTKNV20ETF,KOTAKNV20,2015-12-21
"Orchid Pharma Limited",ORCHIDCHEM,ORCHIDPHAR,2015-12-21
"Vikas EcoTech Limited",VIKASGLOB,VIKASECO,2015-12-21
"LIC MF - LIC MF EXCHANGE TRADED FUND - NIFTY 50",LICNFENGP,LICNETFN50,2015-12-30
"LIC MF - LIC MF G-sec LT ETF - GO",LICNMFET,LICNETFGSC,2015-12-30
"LIC Mutual Fund - LIC MF EXCHANGE TRADED FUND - SENSEX",LICNFESGP,LICNETFSEN,2015-12-30
"Aditya Birla Fashion and Retail Limited",PFRL,ABFRL,2016-01-29
"AYM Syntex Limited",WELSYNTEX,AYMSYNTEX,2016-02-03
"Bharati Defence and Infrastructure Limited",BHARTISHIP,BHARATIDIL,2016-02-26
"Max Financial Services Limited",MAX,MFSL,2016-02-26
"Kamdhenu Limited",KIL,KAMDHENU,2016-03-18
"Reliance Naval and Engineering Limited",PIPAVAVDOC,RDEL,2016-03-18
"INEOS Styrolution India Limited",STYABS,INEOSSTYRO,2016-04-04
"Arrow Greentech Limited",ARROWCOAT,ARROWGREEN,2016-05-11
"Ducon Infratechnologies Limited",DYNATECH,DUCON,2016-05-11
"Future Enterprises Limited",FRL,FEL,2016-05-13
"Future Enterprises Limited",FRLDVR,FELDVR,2016-05-13
"Invesco India Gold Exchange Traded Fund",RELIGAREGO,IVZINGOLD,2016-06-23
"Invesco India Nifty Exchange Traded Fund",RELGRNIFTY,IVZINNIFTY,2016-06-23
"Invesco MF – Invesco India AIF - Sr 1 - Pl B - DS-P-GO",RIMFAI1BDG,IVZINA1BDG,2016-06-23
"Invesco MF – Invesco India AIF - Sr 1 - Pl B - RS-P-GO",RIMFAI1BRG,IVZINA1BRG,2016-06-23
"Bharat Financial Inclusion Limited",SKSMICRO,BHARATFIN,2016-07-01
"NIPPON INDIA ETF LONG TERM GILT",RRSLGETF,NETFLTGILT,2016-07-08
"ICICI Prudential Gold ETF",IGOLD,GOLDIWIN,2016-07-25
"ICICI Prudential Midcap Select ETF",IMIDCAP,MIDCAPIWIN,2016-07-25
"ICICI Prudential NV20 ETF",INV20,NV20IWIN,2016-07-25
"ICICI Prudential Nifty 100 ETF",ICNX100,NIF100IWIN,2016-07-25
"ICICI Prudential Nifty ETF",INIFTY,NIFTYIWIN,2016-07-25
"ICICI Prudential Sensex ETF",ISENSEX,SENSEXIWIN,2016-07-25
"NLC India Limited",NEYVELILIG,NLCINDIA,2016-08-04
"Himadri Speciality Chemical Limited",HCIL,HSCL,2016-08-16
"Siti Networks Limited",SITICABLE,SITINET,2016-08-17
"Balkrishna Paper Mills Limited",NIRVIKARA,BALKRISHNA,2016-09-06
"Johnson Controls - Hitachi Air Conditioning India Limited",HITACHIHOM,JCHAC,2016-09-12
"GE Power India Limited",AIL,GEPIL,2016-09-14
"GE T&D India Limited",ALSTOMT&D,GET&D,2016-09-14
"Sovereign Gold Bonds 2.75% NOV 2023 Tr-I",GBNOV23,SBNOV23,2016-09-15
"Sovereign Gold Bonds 2.75% NOV 2023 Tr-I",SBNOV23,SGBNOV23,2016-09-15
"Birla Cable Limited",BIRLAERIC,BIRLACABLE,2016-09-26
"Future Consumer Limited",FCEL,FCONSUMER,2016-10-25
"Sastasundar Ventures Limited",MICROSEC,SASTASUNDR,2016-11-22
"Edelweiss Fixed Maturity Plan - Series 14 - DP-GO",JD14G,ED14G,2016-11-28
"Edelweiss Fixed Maturity Plan - Series 14 - Direct Plan - Divide",JD14D,ED14D,2016-11-28
"Edelweiss Fixed Maturity Plan - Series 14 - Regular Plan - Divid",JP14D,E14D,2016-11-28
"Edelweiss Fixed Maturity Plan - Series 14 - Regular Plan - Growt",JP14G,E14G,2016-11-28
"Edelweiss Fixed Maturity Plan - Series 20 - Direct Plan - Divide",JD20D,ED20D,2016-11-28
"Edelweiss Fixed Maturity Plan - Series 20 - Direct Plan - Growth",JD20G,ED20G,2016-11-28
"Edelweiss Fixed Maturity Plan - Series 20 - Regular Plan - Divid",JP20D,E20D,2016-11-28
"Edelweiss Fixed Maturity Plan - Series 20 - Regular Plan - Growt",JP20G,E20G,2016-11-28
"Edelweiss Fixed Maturity Plan - Series 35 - Direct Plan - Growth",JD35G,ED35G,2016-11-28
"Edelweiss Fixed Maturity Plan - Series 35 - Regular Plan - Divid",JP35D,E35D,2016-11-28
"Edelweiss Fixed Maturity Plan - Series 35 - Regular Plan - Growt",JP35G,E35G,2016-11-28
"Edelweiss Fixed Maturity Plan - Series 37 - Direct Plan - Growth",JD37G,ED37G,2016-11-28
"Edelweiss Fixed Maturity Plan - Series 37 - Regular Plan - Divid",JP37D,E37D,2016-11-28
"Edelweiss Fixed Maturity Plan - Series 37 - Regular Plan - Growt",JP37G,E37G,2016-11-28
"Edelweiss Fixed Maturity Plan - Series 38 - Direct Plan - Growth",JD38G,ED38G,2016-11-28
"Edelweiss Fixed Maturity Plan - Series 38 - Regular Plan - Divid",JP38D,E38D,2016-11-28
"Edelweiss Fixed Maturity Plan - Series 38 - Regular Plan - Growt",JP38G,E38G,2016-11-28
"Edelweiss Fixed Maturity Plan - Series 40 - Direct Plan - Growth",JD40G,ED40G,2016-11-28
"Edelweiss Fixed Maturity Plan - Series 40 - Regular Plan - Divid",JP40D,E40D,2016-11-28
"Edelweiss Fixed Maturity Plan - Series 40 - Regular Plan - Growt",JP40G,E40G,2016-11-28
"Edelweiss Fixed Maturity Plan - Series 502 - Dividend Option",J502D,E502D,2016-11-28
"Edelweiss Fixed Maturity Plan - Series 502 - Growth Option",J502G,E502G,2016-11-28
"Edelweiss Income Fund - Series 501 - Dividend",J501D,E501D,2016-11-28
"Edelweiss Income Fund - Series 501 - Growth",J501G,E501G,2016-11-28
"Arvind SmartSpaces Limited",ARVINFRA,ARVSMART,2016-12-05
"VIP Clothing Limited",MAXWELL,VIPCLOTHNG,2016-12-21
"SORIL Infra Resources Limited",STOREONE,SORILINFRA,2017-01-10
"63 moons technologies limited",FINANTECH,63MOONS,2017-01-19
"Fairchem Speciality Limited",ADI,FAIRCHEM,2017-01-19
"Neueon Towers Limited",SUJANATWR,NTL,2017-02-17
"Vidhi Specialty Food Ingredients Limited",VIDHIDYE,VIDHIING,2017-03-01
"Geojit Financial Services Limited",GEOJITBNPP,GEOJITFSL,2017-03-02
"CG Power and Industrial Solutions Limited",CROMPGREAV,CGPOWER,2017-03-08
"Indiabulls Integrated Services Limited",IBWSL,SORILHOLD,2017-04-18
"Hitech Corporation Limited",HITECHPLAS,HITECHCORP,2017-05-23
"Fedders Electric and Engineering Limited",FEDDERLOYD,FEDDERELEC,2017-06-13
"LEEL Electricals Limited",LLOYDELENG,LEEL,2017-06-19
"Mohota Industries Limited",RAIREKMOH,MOHOTAMILL,2017-08-01
"Schaeffler India Limited",FAGBEARING,SCHAEFFLER,2017-08-01
"Aventus Buildcon Limited",RATNAINFRA,AVENTUS,2017-08-03
"Reliance Naval and Engineering Limited",RDEL,RNAVAL,2017-09-18
"Balaxi Ventures Limited",ANANDAMRUB,BALAXI,2017-09-27
"NACL Industries Limited",NAGAAGRI,NACLIND,2017-09-29
"Bkm Industries Limited",MANAKINDST,BKMINDST,2017-11-23
"Mohota Industries Limited",MOHOTAMILL,MOHOTAIND,2017-12-26
"Tirupati Forge Limited",FORGE,TIRUPATIFL,2018-01-15
"Amj Land Holdings Limited",PDUMJEPULP,AMJLAND,2018-01-19
"Paisalo Digital Limited",SEINV,PAISALO,2018-01-24
"ICICI Prudential Gold ETF",GOLDIWIN,ICICIGOLD,2018-04-10
"ICICI Prudential Midcap Select ETF",MIDCAPIWIN,ICICIMCAP,2018-04-10
"ICICI Prudential NV20 ETF",NV20IWIN,ICICINV20,2018-04-10
"ICICI Prudential Nifty 100 ETF",NIF100IWIN,ICICINF100,2018-04-10
"ICICI Prudential Nifty ETF",NIFTYIWIN,ICICINIFTY,2018-04-10
"ICICI Prudential Nifty Low Vol 30 ETF",LOWVOLIWIN,ICICILOVOL,2018-04-10
"ICICI Prudential Sensex ETF",SENSEXIWIN,ICICISENSX,2018-04-10
"Sri Havisha Hospitality and Infrastructure Limited",SHAKTIGAS,HAVISHA,2018-04-12
"Adroit Infotech Limited",SPHEREGSL,ADROITINFO,2018-04-19
"ICICI Prudential Mutual Fund - BHARAT 22 ETF",BHARATIWIN,ICICIB22,2018-04-19
"Jtekt India Limited",SONASTEER,JTEKTINDIA,2018-04-23
"3P Land Holdings Limited",PDUMJEIND,3PLAND,2018-05-04
"Prism Johnson Limited",PRISMCEM,PRSMJOHNSN,2018-05-04
"Pitti Engineering Limited",PITTILAM,PITTIENG,2018-06-06
"Indiabulls Integrated Services Limited",SORILHOLD,IBULISL,2018-06-08
"Proseed India Limited",GREENFIRE,PROSEED,2018-07-18
"The Investment Trust Of India Limited",FORTUNEFIN,THEINVEST,2018-07-25
"Olectra Greentech Limited",GOLDINFRA,OLECTRA,2018-07-26
"Garware Technical Fibres Limited",GARWALLROP,GARFIBRES,2018-08-13
"Brightcom Group Limited",LYCOS,BCG,2018-10-08
"Inspirisys Solutions Limited",AFL,INSPIRISYS,2018-10-12
"Ksb Limited",KSBPUMPS,KSB,2018-10-23
"Emami Realty Limited",EMAMIINFRA,EMAMIREAL,2018-11-15
"Tata Steel Bsl Limited",BHUSANSTL,TATASTLBSL,2018-12-10
"Dhunseri Ventures Limited",DPL,DVL,2019-01-02
"Bajaj Consumer Care Limited",BAJAJCORP,BAJAJCON,2019-01-15
"IDFC First Bank Limited",IDFCBANK,IDFCFIRSTB,2019-01-16
"BIRLASOFT LIMITED",KPIT,BSOFT,2019-02-26
"Renaissance Global Limited",RJL,RGL,2019-04-08
"Cholamandalam Financial Holdings Limited",TIFIN,CHOLAHLDNG,2019-04-09
"Expleo Solutions Limited",SQSBFSI,EXPLEOSOL,2019-05-02
"Keynote Financial Services Limited",KEYCORPSER,KEYFINSERV,2019-05-03
"Baba Agro Food Limited",SKML,BABAFOOD,2019-05-27
"Procter & Gamble Health Limited",MERCK,PGHL,2019-06-11
"ICICI Prudential Bank ETF Nifty Bank Index",IPRU5008,ICICIBANKN,2019-07-19
"GFL Limited",GUJFLUORO,GFLLIMITED,2019-07-25
"Setubandhan Infrastructure Limited",PRAKASHCON,SETUINFRA,2019-07-30
"FORCE MOTORS LTD",BAJAJTEMPO,FORCEMOT,2019-08-19
"Kennametal India Limited",WIDIA,KENNAMET,2019-08-19
"SPICEJET LTD",MODILUFT,SPICEJET,2019-08-19
"PGIM India Dual Advantage Fund - Series 1 - DPG",DPRMDAD1,PGIMDAD1G,2019-08-22
"PGIM India Dual Advantage Fund - Series 1 - DPQDPO",DPRMDAD3,PGIMDAD3D,2019-08-22
"PGIM India Dual Advantage Fund - Series 1 - DPRDPO",DPRMDAD2,PGIMDAD2D,2019-08-22
"PGIM India Dual Advantage Fund - Series 1 - RPADPO",DPRMDAAD,PGIMDAADD,2019-08-22
"PGIM India Dual Advantage Fund - Series 1 - RPG",DPRMDAGP,PGIMDAGPG,2019-08-22
"PGIM India Dual Advantage Fund - Series 1 - RPQDPO",DPRMDAQD,PGIMDAQDD,2019-08-22
"PGIM India Dual Advantage Fund - Series 1 - RPRDPO",DPRMDADP,PGIMDADPD,2019-08-22
"PGIM India Fixed Duration Fund - Series 31 - DPG",PRM1SD1,PGIM1SD1G,2019-08-22
"PGIM India Fixed Duration Fund - Series 31 - RPDPO",PRM1SDP,PGIM1SDPD,2019-08-22
"PGIM India Fixed Duration Fund - Series 31 - RPG",PRM1SGP,PGIM1SGPG,2019-08-22
"PGIM India Fixed Duration Fund - Series AA - DPG",DPRMAAD1,PGIMAAD1G,2019-08-22
"PGIM India Fixed Duration Fund - Series AA - DPQDPO",DPRMAAD3,PGIMAAD3D,2019-08-22
"PGIM India Fixed Duration Fund - Series AA - RPADPO",DPRMAAAD,PGIMAAADD,2019-08-22
"PGIM India Fixed Duration Fund - Series AA - RPG",DPRMAAGP,PGIMAAGPG,2019-08-22
"PGIM India Fixed Duration Fund - Series AA - RPQDPO",DPRMAAQD,PGIMAAQDD,2019-08-22
"PGIM India Fixed Duration Fund - Series AB - DPG",DPRMABD1,PGIMABD1G,2019-08-22
"PGIM India Fixed Duration Fund - Series AB - RPADPO",DPRMABAD,PGIMABADD,2019-08-22
"PGIM India Fixed Duration Fund - Series AB - RPG",DPRMABGP,PGIMABGPG,2019-08-22
"PGIM India Fixed Duration Fund - Series AB - RPQDPO",DPRMABQD,PGIMABQDD,2019-08-22
"PGIM India Fixed Duration Fund - Series AB - RPRDPO",DPRMABDP,PGIMABDPD,2019-08-22
"PGIM India Fixed Duration Fund - Series AC - DPADPO",DPRMACD4,PGIMACD4D,2019-08-22
"PGIM India Fixed Duration Fund - Series AC - DPG",DPRMACD1,PGIMACD1G,2019-08-22
"PGIM India Fixed Duration Fund - Series AC - DPRDPO",DPRMACD2,PGIMACD2D,2019-08-22
"PGIM India Fixed Duration Fund - Series AC - RPADPO",DPRMACAD,PGIMACADD,2019-08-22
"PGIM India Fixed Duration Fund - Series AC - RPG",DPRMACGP,PGIMACGPG,2019-08-22
"PGIM India Fixed Duration Fund - Series AC - RPQDPO",DPRMACQD,PGIMACQDD,2019-08-22
"PGIM India Fixed Duration Fund - Series AC - RPRDPO",DPRMACDP,PGIMACDPD,2019-08-22
"PGIM India Fixed Duration Fund - Series AE - DPADPO",DPRMAED4,PGIMAED4D,2019-08-22
"PGIM India Fixed Duration Fund - Series AE - DPG",DPRMAED1,PGIMAED1G,2019-08-22
"PGIM India Fixed Duration Fund - Series AE - RPADPO",DPRMAEAD,PGIMAEADD,2019-08-22
"PGIM India Fixed Duration Fund - Series AE - RPG",DPRMAEGP,PGIMAEGPG,2019-08-22
"PGIM India Fixed Duration Fund - Series AE - RPRDPO",DPRMAEDP,PGIMAEDPD,2019-08-22
"PGIM India Fixed Duration Fund - Series AF - DPADPO",DPRMFAD4,PGIMFAD4D,2019-08-22
"PGIM India Fixed Duration Fund - Series AF - DPG",DPRMFAD1,PGIMFAD1G,2019-08-22
"PGIM India Fixed Duration Fund - Series AF - RPADPO",DPRMFAAD,PGIMFAADD,2019-08-22
"PGIM India Fixed Duration Fund - Series AF - RPG",DPRMFAGP,PGIMFAGPG,2019-08-22
"PGIM India Fixed Duration Fund - Series AF - RPQDPO",DPRMFAQD,PGIMFAQDD,2019-08-22
"PGIM India Fixed Duration Fund - Series AG - DPG",DPRMAGD1,PGIMAGD1G,2019-08-22
"PGIM India Fixed Duration Fund - Series AG - RPG",DPRMAGGP,PGIMAGGPG,2019-08-22
"PGIM India Fixed Duration Fund - Series AH - DPADPO",DPRMAHD4,PGIMAHD4D,2019-08-22
"PGIM India Fixed Duration Fund - Series AH - DPG",DPRMAHD1,PGIMAHD1G,2019-08-22
"PGIM India Fixed Duration Fund - Series AH - DPQDPO",DPRMAHD3,PGIMAHD3D,2019-08-22
"PGIM India Fixed Duration Fund - Series AH - RPADPO",DPRMAHAD,PGIMAHADD,2019-08-22
"PGIM India Fixed Duration Fund - Series AH - RPG",DPRMAHGP,PGIMAHGPG,2019-08-22
"PGIM India Fixed Duration Fund - Series AH - RPQDPO",DPRMAHQD,PGIMAHQDD,2019-08-22
"PGIM India Fixed Duration Fund - Series AP - DPG",DPRMAPD1G,PGIMAPD1G,2019-08-22
"PGIM India Fixed Duration Fund - Series AP - RPG",DPRMAPGPG,PGIMAPGPG,2019-08-22
"PGIM India Fixed Duration Fund - Series AP - RPSDPO",DPRMAPDPD,PGIMAPDPD,2019-08-22
"PGIM India Fixed Duration Fund - Series AQ - DPG",DPRMAQD1G,PGIMAQD1G,2019-08-22
"PGIM India Fixed Duration Fund - Series AQ - DPSDPO",DPRMAQD2D,PGIMAQD2D,2019-08-22
"PGIM India Fixed Duration Fund - Series AQ - RPG",DPRMAQGPG,PGIMAQGPG,2019-08-22
"PGIM India Fixed Duration Fund - Series AR - DPG",DPRMARD1G,PGIMRAD1G,2019-08-22
"PGIM India Fixed Duration Fund - Series AR - RPG",DPRMARGPG,PGIMRAGPG,2019-08-22
"PGIM India Fixed Duration Fund - Series AR - RPQDPO",DPRMARQDD,PGIMRAQDD,2019-08-22
"PGIM India Fixed Duration Fund - Series AR - RPSDPO",DPRMARDPD,PGIMRADPD,2019-08-22
"PGIM India Fixed Duration Fund - Series AT - DPG",DPRMATD1G,PGIMATD1G,2019-08-22
"PGIM India Fixed Duration Fund - Series AT - RPG",DPRMATGPG,PGIMATGPG,2019-08-22
"PGIM India Fixed Duration Fund - Series AT - RPQDPO",DPRMATQDD,PGIMATQDD,2019-08-22
"PGIM India Fixed Duration Fund - Series AT - RPSDPO",DPRMATDPD,PGIMATDPD,2019-08-22
"PGIM India Fixed Duration Fund - Series AU - DPG",DPRMAUD1G,PGIMAUD1G,2019-08-22
"PGIM India Fixed Duration Fund - Series AU - RPG",DPRMAUGPG,PGIMAUGPG,2019-08-22
"PGIM India Fixed Duration Fund - Series AU - RPQDPO",DPRMAUQDD,PGIMAUQDD,2019-08-22
"PGIM India Fixed Duration Fund - Series AU - RPSDPO",DPRMAUDPD,PGIMAUDPD,2019-08-22
"PGIM India Fixed Duration Fund - Series AY - DPG",DPRMAYD1G,PGIMAYD1G,2019-08-22
"PGIM India Fixed Duration Fund - Series AY - RPG",DPRMAYGPG,PGIMAYGPG,2019-08-22
"PGIM India Fixed Duration Fund - Series AZ - DPG",DPRMAZD1G,PGIMAZD1G,2019-08-22
"PGIM India Fixed Duration Fund - Series AZ - RPG",DPRMAZGPG,PGIMAZGPG,2019-08-22
"PGIM India Fixed Duration Fund - Series AZ - RPSDPO",DPRMAZDPD,PGIMAZDPD,2019-08-22
"PGIM India Fixed Duration Fund - Series BA - DPG",DPRMBAD1G,PGIMBAD1G,2019-08-22
"PGIM India Fixed Duration Fund - Series BA - RPG",DPRMBAGPG,PGIMBAGPG,2019-08-22
"PGIM India Fixed Duration Fund - Series BA - RPQDPO",DPRMBAQDD,PGIMBAQDD,2019-08-22
"PGIM India Fixed Duration Fund - Series BA - RPSDPO",DPRMBADPD,PGIMBADPD,2019-08-22
"PGIM India Fixed Duration Fund - Series BB - DPG",DPRMBBD1G,PGIMBBD1G,2019-08-22
"PGIM India Fixed Duration Fund - Series BB - RPG",DPRMBBGPG,PGIMBBGPG,2019-08-22
"PGIM India Fixed Duration Fund - Series BB - RPQDPO",DPRMBBQDD,PGIMBBQDD,2019-08-22
"PGIM India Fixed Duration Fund - Series BB - RPSDPO",DPRMBBDPD,PGIMBBDPD,2019-08-22
"PGIM India Fixed Duration Fund - Series BC - DPG",DPRMBCD1G,PGIMBCD1G,2019-08-22
"PGIM India Fixed Duration Fund - Series BC - DPSDT",DPRMBCD2S,PGIMBCD2S,2019-08-22
"PGIM India Fixed Duration Fund - Series BC - RPG",DPRMBCGPG,PGIMBCGPG,2019-08-22
"PGIM India Fixed Duration Fund - Series BC - RPQDPO",DPRMBCQDD,PGIMBCQDD,2019-08-22
"PGIM India Fixed Duration Fund - Series BC - RPSDPO",DPRMBCDPD,PGIMBCDPD,2019-08-22
"PGIM India Fixed Duration Fund - Series BE - DPG",DPRMBED1G,PGIMBED1G,2019-08-22
"PGIM India Fixed Duration Fund - Series BE - RPG",DPRMBEGPG,PGIMBEGPG,2019-08-22
"PGIM India Fixed Duration Fund - Series BE - RPQDPO",DPRMBEQDD,PGIMBEQDD,2019-08-22
"PGIM India Fixed Duration Fund - Series BE - RPSDPO",DPRMBEDPD,PGIMBEDPD,2019-08-22
"PGIM India Large Cap Fund Series 2 - DPDPO",DWSLCFS2DD,PGIMC6D2D,2019-08-22
"PGIM India Large Cap Fund Series 2 - DPG",DWSLCFS2DG,PGIMC6D1G,2019-08-22
"PGIM India Large Cap Fund Series 2 - RPDPO",DWSLCFS2RD,PGIMC6DPD,2019-08-22
"PGIM India Large Cap Fund Series 2 - RPG",DWSLCFS2RG,PGIMC6GPG,2019-08-22
"DiGiSPICE Technologies Limited",SPICEMOBI,DIGISPICE,2019-08-28
"Tata Steel Long Products Limited",TATASPONGE,TATASTLLP,2019-09-03
"GB Global Limited",MIL,GBGLOBAL,2019-09-09
" NIPPON INDIA MF - NIPPON INDIA Dual Advantage FTF  Sr. x Plan E",RDAXEDD,NDAXEDD,2019-10-30
" NIPPON INDIA MF - NIPPON INDIA Dual Advantage FTF  Sr. x Plan E",RDAXEDDG,NDAXEDDG,2019-10-30
" NIPPON INDIA MF - NIPPON INDIA Dual Advantage FTF  Sr. x Plan E",RDAXEDG,NDAXEDG,2019-10-30
" NIPPON INDIA MF-NIPPON INDIA Dual Advantage FTF Sr.x Plan E- DP",RDAXEDDD,NDAXEDDD,2019-10-30
"NIPPON INDIA ETF CONSUMPTION",RELCONS,NETFCONSUM,2019-10-30
"NIPPON INDIA ETF DIVIDEND OPPORTUNITIES",RELDIVOPP,NETFDIVOPP,2019-10-30
"NIPPON INDIA ETF LONG TERM GILT",RRSLGETF,NETFLTGILT,2019-10-30
"NIPPON INDIA ETF NIFTY 100",RELCNX100,NETFNIF100,2019-10-30
"NIPPON INDIA ETF NIFTY MIDCAP 150",RETFMID150,NETFMID150,2019-10-30
"NIPPON INDIA ETF NV20",RELNV20,NETFNV20,2019-10-30
"NIPPON INDIA MF - NIPPON INDIA Dual Adv FTF Sr III Pl A - DP-GO",RDAIIIADG,NDAIIIADG,2019-10-30
"NIPPON INDIA MF - NIPPON INDIA Dual Adv FTF Sr III Pl A - DPO",RDAIIIARD,NDAIIIARD,2019-10-30
"NIPPON INDIA MF - NIPPON INDIA Dual Adv FTF Sr III Pl A - GO",RDAIIIARG,NDAIIIARG,2019-10-30
"NIPPON INDIA MF - NIPPON INDIA Dual Adv FTF Sr IX Pl D - DP-DPO",RDAIXDDD,NDAIXDDD,2019-10-30
"NIPPON INDIA MF - NIPPON INDIA Dual Adv FTF Sr IX Pl D - DP-GO",RDAIXDDG,NDAIXDDG,2019-10-30
"NIPPON INDIA MF - NIPPON INDIA Dual Adv FTF Sr IX Pl D - DPO",RDAIXDD,NDAIXDD,2019-10-30
"NIPPON INDIA MF - NIPPON INDIA Dual Adv FTF Sr IX Pl D - GO",RDAIXDG,NDAIXDG,2019-10-30
"NIPPON INDIA MF - NIPPON INDIA Dual Adv FTF Sr IX Pl E - DP-DPO",RDAIXEDDD,NDAIXEDDD,2019-10-30
"NIPPON INDIA MF - NIPPON INDIA Dual Adv FTF Sr IX Pl E - DP-GO",RDAIXEDDG,NDAIXEDDG,2019-10-30
"NIPPON INDIA MF - NIPPON INDIA Dual Adv FTF Sr IX Pl E - DPO",RDAIXEDD,NDAIXEDD,2019-10-30
"NIPPON INDIA MF - NIPPON INDIA Dual Adv FTF Sr IX Pl E - GO",RDAIXEDG,NDAIXEDG,2019-10-30
"NIPPON INDIA MF - NIPPON INDIA Dual Adv FTF Sr IX Pl F - DP-DPO",RDAIXFDDD,NDAIXFDDD,2019-10-30
"NIPPON INDIA MF - NIPPON INDIA Dual Adv FTF Sr IX Pl F - DP-GO",RDAIXFDDG,NDAIXFDDG,2019-10-30
"NIPPON INDIA MF - NIPPON INDIA Dual Adv FTF Sr IX Pl F - DPO",RDAIXFDD,NDAIXFDD,2019-10-30
"NIPPON INDIA MF - NIPPON INDIA Dual Adv FTF Sr IX Pl F - GO",RDAIXFDG,NDAIXFDG,2019-10-30
"NIPPON INDIA MF - NIPPON INDIA Dual Adv FTF Sr VII Pl C - DP-GO",RDAVIIPCDG,NDAVIIPCDG,2019-10-30
"NIPPON INDIA MF - NIPPON INDIA Dual Adv FTF Sr VII Pl D - DP-DPO",RDAVIIPDDD,NDAVIIPDDD,2019-10-30
"NIPPON INDIA MF - NIPPON INDIA Dual Adv FTF Sr VII Pl D - DP-GO",RDAVIIPDDG,NDAVIIPDDG,2019-10-30
"NIPPON INDIA MF - NIPPON INDIA Dual Adv FTF Sr VII Pl D - DPO",RDAVIIPDD,NDAVIIPDD,2019-10-30
"NIPPON INDIA MF - NIPPON INDIA Dual Adv FTF Sr VII Pl D - O",RDAVIIPDG,NDAVIIPDG,2019-10-30
"NIPPON INDIA MF - NIPPON INDIA Dual Adv FTF Sr VIII Pl C - DP-DP",RDAFVIIICX,NDAFVIIICX,2019-10-30
"NIPPON INDIA MF - NIPPON INDIA Dual Adv FTF Sr VIII Pl C - DPO",RDAFVIIICD,NDAFVIIICD,2019-10-30
"NIPPON INDIA MF - NIPPON INDIA Dual Adv FTF Sr X Pl A - DP-DPO",RDAXADDD,NDAXADDD,2019-10-30
"NIPPON INDIA MF - NIPPON INDIA Dual Adv FTF Sr X Pl A - DP-GO",RDAXADDG,NDAXADDG,2019-10-30
"NIPPON INDIA MF - NIPPON INDIA Dual Adv FTF Sr X Pl A - DPO",RDAXADD,NDAXADD,2019-10-30
"NIPPON INDIA MF - NIPPON INDIA Dual Adv FTF Sr X Pl A - GO",RDAXADG,NDAXADG,2019-10-30
"NIPPON INDIA MF - NIPPON INDIA Dual Adv FTF Sr X Pl D - DP-DPO",RDAXDDDD,NDAXDDDD,2019-10-30
"NIPPON INDIA MF - NIPPON INDIA Dual Adv FTF Sr X Pl D - DP-GO",RDAXDDDG,NDAXDDDG,2019-10-30
"NIPPON INDIA MF - NIPPON INDIA Dual Adv FTF Sr X Pl D - DPO",RDAXDDD,NDAXDDD,2019-10-30
"NIPPON INDIA MF - NIPPON INDIA Dual Adv FTF Sr X Pl D - GO",RDAXDDG,NDAXDDG,2019-10-30
"NIPPON INDIA MF - NIPPON INDIA Dual Adv FTF V - Pl C - DP-GO ",RDAFTVCDG,NDAFTVCDG,2019-10-30
"NIPPON INDIA MF - NIPPON INDIA Dual Adv FTF V - Pl C - DPO",RDAFTFVCD,NDAFTFVCD,2019-10-30
"NIPPON INDIA MF - NIPPON INDIA Dual Adv FTF V - Pl C - GO",RDAFTFVCG,NDAFTFVCG,2019-10-30
"NIPPON INDIA MF - NIPPON INDIA Dual Advantage FTF XI Plan C - DP",RDAXICDD,NDAXICDD,2019-10-30
"NIPPON INDIA MF - NIPPON INDIA Dual Advantage FTF XI Plan C - DP",RDAXICDDD,NDAXICDDD,2019-10-30
"NIPPON INDIA MF - NIPPON INDIA Dual Advantage FTF XI Plan C - DP",RDAXICDDG,NDAXICDDG,2019-10-30
"NIPPON INDIA MF - NIPPON INDIA Dual Advantage FTF XI Plan C - GO",RDAXICDG,NDAXICDG,2019-10-30
"NIPPON INDIA MF - NIPPON INDIA IF - AIF S-I - IDR",RMFINAIDR1,NMFINAIDR1,2019-10-30
"NIPPON INDIA MF - NIPPON INDIA Intr Fund - QIF SR I-DIV",RMFINQADP1,NMFINQADP1,2019-10-30
"NIPPON INDIA MF - NIPPON INDIA Intr Fund - QIF SR I-GRW",RMFINQRAG1,NMFINQRAG1,2019-10-30
"NIPPON INDIA MF - Nippon India DA Fixed Tenure Fund   Sr x Plan ",RDAXBDG,NDAXBDG,2019-10-30
"NIPPON INDIA MF- Nippon India DA Fixed Tenure Fund Sr x Plan B -",RDAXBDD,NDAXBDD,2019-10-30
"NIPPON INDIA MF- Nippon India DA Fixed Tenure Fund Sr x Plan B-D",RDAXBDDD,NDAXBDDD,2019-10-30
"NIPPON INDIA MF-Nippon India  Dual Adv. Fix. Ten. Fund Sr.x Plan",RDAXCDG,NDAXCDG,2019-10-30
"NIPPON INDIA MF-Nippon India  Dual Adv. Fix.Ten. Fund Sr.x Plan ",RDAXCDD,NDAXCDD,2019-10-30
"NIPPON INDIA MF-Nippon India DA Fixed Tenure Fund Sr x Plan B -D",RDAXBDDG,NDAXBDDG,2019-10-30
"NIPPON INDIA MF-Nippon India Dual Adv.FixTen. Fund Sr.x Plan C-D",RDAXCDDG,NDAXCDDG,2019-10-30
"NIPPON INDIA MF-Nippon India DualAdv. Fix.Ten. Fund Sr.x Plan C-",RDAXCDDD,NDAXCDDD,2019-10-30
"NIPPON INDIA MUTUAL FUND  - NIPPON INDIA DA-FTF IV-P-C-D",RDAFTFIVCD,NDAFTFIVCD,2019-10-30
"NIPPON INDIA MUTUAL FUND  - NIPPON INDIA DA-FTF IV-P-C-DD",RDAFTIVCDD,NDAFTIVCDD,2019-10-30
"NIPPON INDIA MUTUAL FUND  - NIPPON INDIA DA-FTF IV-P-C-DG",RDAFTIVCDG,NDAFTIVCDG,2019-10-30
"NIPPON INDIA MUTUAL FUND  - NIPPON INDIA DA-FTF IV-P-C-G",RDAFTFIVCG,NDAFTFIVCG,2019-10-30
"NIPPON INDIA MUTUAL FUND  - NIPPON INDIA DAFTF II - P - G - DP",RDAFTIIPGD,NDAFTIIPGD,2019-10-30
"NIPPON INDIA MUTUAL FUND  - NIPPON INDIA DAFTF II - P - G - Grow",RDAFTIIPGG,NDAFTIIPGG,2019-10-30
"NIPPON INDIA MUTUAL FUND  - NIPPON INDIA Dual Ad FTF XI Plan A -",RDAXIADG,NDAXIADG,2019-10-30
"NIPPON INDIA MUTUAL FUND  - NIPPON INDIA Dual Ad FTF XI Plan D-D",RDAXIDDDD,NDAXIDDDD,2019-10-30
"NIPPON INDIA MUTUAL FUND  - NIPPON INDIA Dual Ad FTF XI Plan D-D",RDAXIDDDG,NDAXIDDDG,2019-10-30
"NIPPON INDIA MUTUAL FUND  - NIPPON INDIA Dual Ad FTF XI Plan D-G",RDAXIDDG,NDAXIDDG,2019-10-30
"NIPPON INDIA MUTUAL FUND  - NIPPON INDIA Dual Ad FTF XII Plan A-",RDAXIIADDD,NDAXIIADDD,2019-10-30
"NIPPON INDIA MUTUAL FUND - NIPPON INDIA Dual Ad FTF V- Plan H - ",RDAFDVHDR,NDAFDVHDR,2019-10-30
"NIPPON INDIA MUTUAL FUND - NIPPON INDIA Dual Ad FTF V- Plan H - ",RDAFDVHGR,NDAFDVHGR,2019-10-30
"NIPPON INDIA MUTUAL FUND - NIPPON INDIA Dual Ad FTF V- Plan H - ",RDAFTVHDR,NDAFTVHDR,2019-10-30
"NIPPON INDIA MUTUAL FUND - NIPPON INDIA Dual Ad FTF V- Plan H - ",RDAFTVHGR,NDAFTVHGR,2019-10-30
"NIPPON INDIA MUTUAL FUND - NIPPON INDIA Dual Ad FTF XI Plan A - ",RDAXIADD,NDAXIADD,2019-10-30
"NIPPON INDIA MUTUAL FUND - NIPPON INDIA Dual Ad FTF XI Plan A - ",RDAXIADDD,NDAXIADDD,2019-10-30
"NIPPON INDIA MUTUAL FUND - NIPPON INDIA Dual Ad FTF XI Plan A - ",RDAXIADDG,NDAXIADDG,2019-10-30
"NIPPON INDIA MUTUAL FUND - NIPPON INDIA Dual Ad Fixed Tenure Fun",RDAXFDDD,NDAXFDDD,2019-10-30
"NIPPON INDIA MUTUAL FUND -NIPPON INDIA Dual Ad Fixed Tenure Fund",RDAXFDD,NDAXFDD,2019-10-30
"NIPPON INDIA MUTUAL FUND -NIPPON INDIA Dual Ad Fixed Tenure Fund",RDAXIEDG,NDAXIEDG,2019-10-30
"NIPPON INDIA MUTUAL FUND- NIPPON INDIA Dual Ad FTF XI Plan D-DPO",RDAXIDDD,NDAXIDDD,2019-10-30
"NIPPON INDIA MUTUAL FUND- NIPPON INDIA Dual Ad FTF XI Sr XI Plan",RDAXIBDD,NDAXIBDD,2019-10-30
"NIPPON INDIA MUTUAL FUND- NIPPON INDIA Dual Ad FTF XI SrXI Plan ",RDAXIBDDG,NDAXIBDDG,2019-10-30
"NIPPON INDIA MUTUAL FUND- NIPPON INDIA Dual Ad FTF XII Plan A-DP",RDAXIIADD,NDAXIIADD,2019-10-30
"NIPPON INDIA MUTUAL FUND- NIPPON INDIA Dual Ad FTF XII Plan A-DP",RDAXIIADDG,NDAXIIADDG,2019-10-30
"NIPPON INDIA MUTUAL FUND- NIPPON INDIA Dual Ad FTF XII Plan A-GO",RDAXIIADG,NDAXIIADG,2019-10-30
"NIPPON INDIA MUTUAL FUND- NIPPON INDIA Dual Ad Fixed Tenure Fund",RDAFVGDD,NDAFVGDD,2019-10-30
"NIPPON INDIA MUTUAL FUND- NIPPON INDIA Dual Ad Fixed Tenure Fund",RDAFVGDG,NDAFVGDG,2019-10-30
"NIPPON INDIA MUTUAL FUND- NIPPON INDIA Dual Ad Fixed Tenure Fund",RDAFVGDO,NDAFVGDO,2019-10-30
"NIPPON INDIA MUTUAL FUND- NIPPON INDIA Dual Ad Fixed Tenure Fund",RDAFVGGO,NDAFVGGO,2019-10-30
"NIPPON INDIA MUTUAL FUND- NIPPON INDIA Dual Ad Fixed Tenure Fund",RDAXFDDG,NDAXFDDG,2019-10-30
"NIPPON INDIA MUTUAL FUND- NIPPON INDIA Dual Ad Fixed Tenure Fund",RDAXFDG,NDAXFDG,2019-10-30
"NIPPON INDIA MUTUAL FUND- NIPPON INDIA Dual Ad Fixed Tenure Fund",RDAXIEDD,NDAXIEDD,2019-10-30
"NIPPON INDIA MUTUAL FUND- NIPPON INDIA Dual Ad Fixed Tenure Fund",RDAXIEDDD,NDAXIEDDD,2019-10-30
"NIPPON INDIA MUTUAL FUND- NIPPON INDIA Dual Ad Fixed Tenure Fund",RDAXIEDDG,NDAXIEDDG,2019-10-30
"NIPPON INDIA MUTUAL FUND- NIPPON INDIA Int.Fund-QIF-SI-IP-DP-DPO",RMFINQIDP1,NMFINQIDP1,2019-10-30
"NIPPON INDIA MUTUAL FUND-NIPPON INDIA Dual Ad FTF XI Sr XI Plan ",RDAXIBDG,NDAXIBDG,2019-10-30
"NIPPON INDIA MUTUAL FUND-NIPPON INDIA Dual Ad FTF XI SrXI Plan B",RDAXIBDDD,NDAXIBDDD,2019-10-30
"NIPPON INDIA MUTUAL FUND-NIPPON INDIA Int. Fund-AIF-SI - RP- DP ",RMFINARDR1,NMFINARDR1,2019-10-30
"NIPPON INDIA MUTUAL FUND-NIPPON INDIA Int. Fund-QIF-SI-RP-DP-DPO",RMFINQRDP1,NMFINQRDP1,2019-10-30
"AVRO INDIA LIMITED",AVONMPL,AVROIND,2019-11-01
"NXTDIGITAL LIMITED",HINDUJAVEN,NXTDIGITAL,2019-11-11
"HLV LIMITED",HOTELEELA,HLVLTD,2020-01-08
"ANDHRA PAPER LIMITED",IPAPPM,ANDPAPER,2020-01-22
"Nippon Life India Asset Management Limited",RNAM,NAM-INDIA,2020-01-23
"BOROSIL RENEWABLES LIMITED",BOROSIL,BORORENEW,2020-02-20
"TATA CONSUMER PRODUCTS LIMITED",TATAGLOBAL,TATACONSUM,2020-02-27
"ANDHRA PAPER LIMITED",ANDPAPER,ANDHRAPAP,2020-03-05
"EBIXCASH WORLD MONEY INDIA LIMITED",WEIZFOREX,EBIXFOREX,2020-03-20
"Tembo Global Industries Limited",SAKETH,TEMBO,2020-04-13
"Imagicaaworld Entertainment Limited",ADLABS,IMAGICAA,2020-04-22
"WE WIN LIMITED",SUREVIN,WEWIN,2020-07-01
"Zenith Steel Pipes & Industries Limited",ZENITHBIR,ZENITHSTL,2020-08-19
"Coforge Limited",NIITTECH,COFORGE,2020-08-20
"Dhani Loans and Services Limited",ICFL,DHANILOANS,2020-09-17
"DEEP ENERGY RESOURCES LIMITED",DEEPIND,DEEPENR,2020-09-30
"JSW Ispat Special Products Limited",AIONJSW,JSWISPL,2020-10-12
"Privi Speciality Chemicals Limited",FAIRCHEM,PRIVISCL,2020-10-14
"EPL Limited",ESSELPACK,EPL,2020-10-19
"Dhani Services Limited",IBVENTPP,DHANIPP,2020-10-28
"Dhani Services Limited",IBVENTURES,DHANI,2020-10-28
"Sterlite Technologies Limited",STRTECH,STLTECH,2020-10-29
"Gland Pharma Limited",AAACG8036B,GLAND,2020-11-13
"Huhtamaki India Limited",PAPERPROD,HUHTAMAKI,2020-11-26
"Yaarii Digital Integrated Services Limited",IBULISL,YAARII,2020-12-08
"Indus Towers Limited",INFRATEL,INDUSTOWER,2020-12-18
"Adani Total Gas Limited",ADANIGAS,ATGL,2021-01-13
"SECUREKLOUD TECHNOLOGIES LIMITED",8KMILES,SECURKLOUD,2021-01-20
"RPSG VENTURES LIMITED",CESCVENT,RPSGVENT,2021-02-01
"OM INFRA LIMITED",OMMETALS,OMINFRAL,2021-02-10
"Jubilant Pharmova Limited",JUBILANT,JUBLPHARMA,2021-02-12
"RattanIndia Enterprises Limited",RTNINFRA,RTNINDIA,2021-04-07
"Vikas Lifecare Limited",VIKASMCORP,VIKASLIFE,2021-05-06
"INCREDIBLE INDUSTRIES LIMITED",ADHUNIKIND,INCREDIBLE,2021-05-20
"Motilal Oswal Mutual Fund - Motilal Oswal 5 Year G Sec ETF - Gro",G5,MOGSEC,2021-06-16
"Motilal Oswal Mutual Fund - Motilal Oswal MOSt Shares M100 ETF G",M100,MOM100,2021-06-16
"Motilal Oswal Mutual Fund - Motilal Oswal MOSt Shares M50 ETF",M50,MOM50,2021-06-16
"Motilal Oswal Mutual Fund-Motilal Oswal MOSt Shares NASDAQ 100 E",N100,MON100,2021-06-16
"RHI MAGNESITA INDIA LTD",ORIENTREF,RHIM,2021-07-22
"SOVEREIGN GOLD BONDS 2.50% JULY 2029 SR-IV 2021-22",SGBJUN29IV,SGBJUL29IV,2021-07-28
"Poonawalla Fincorp Limited",MAGMA,POONAWALLA,2021-08-05
"Nandani Creation Limited",NANDANI,JAIPURKURT,2021-08-06
"AJR INFRA AND TOLLING LIMITED",GAMMNINFRA,AJRINFRA,2021-08-16
"SEJAL GLASS LIMITED",SEZAL,SEJAL,2021-08-16
"DUDIGITAL GLOBAL LIMITED",AACCD7641R,DUDIGITAL,2021-08-20
"DELPHI WORLD MONEY LIMITED",EBIXFOREX,DELPHIFX,2021-09-01
"Aurum PropTech Limited",MAJESCO,AURUM,2021-10-22
"Angel One Limited",ANGELBRKG,ANGELONE,2021-11-11
"Equippp Social Impact Technologies Limited",PROINDIA,EQUIPPP,2021-11-30
"Black Box Limited",AGCNET,BBOX,2021-12-03
"Yaari Digital Integrated Services Limited",YAARII,YAARI,2021-12-15
"KBC Global Limited",KARDA,KBCGLOBAL,2021-12-16
"Dolat Algotech Limited",DOLAT,DOLATALGO,2021-12-20
"Linc Limited",LINCPEN,LINC,2021-12-20
"WinPro Industries Limited",JUMPNET,WINPRO,2021-12-22
"PCBL Ltd",PHILIPCARB,PCBL,2022-01-13
"Debock Industries Limited",DSML,DIL,2022-01-14
"PDS Limited",PDSMFL,PDSL,2022-02-17
"Restaurant Brands Asia Ltd",BURGERKING,RBA,2022-02-17
"Integra Essentia Limited",INTEGRA,ESSENTIA,2022-03-02
"Zydus Lifesciences Ltd.",CADILAHC,ZYDUSLIFE,2022-03-07
"SEPC Limited",SHRIRAMEPC,SEPC,2022-03-09
"DUDIGITAL GLOBAL LIMITED",DUDIGITAL,DUGLOBAL,2022-03-17
"ZF Commercial Vehicle Control Systems India Limited",WABCOINDIA,ZFCVINDIA,2022-04-01
"DSJ Keep Learning Limited",DALALSTCOM,KEEPLEARN,2022-04-06
"KPI Green Energy Limited",KPIGLOBAL,KPIGREEN,2022-04-27
"NIPPON INDIA ETF CONSUMPTION",NETFCONSUM,CONSUMBEES,2022-05-10
"NIPPON INDIA ETF DIVIDEND OPPORTUNITIES",NEFTDIVOPP,DIVOPPBEES,2022-05-10
"NIPPON INDIA ETF DIVIDEND OPPORTUNITIES",NETFDIVOPP,DIVOPPBEES,2022-05-10
"NIPPON INDIA ETF LONG TERM GILT",NETFLTGILT,LTGILTBEES,2022-05-10
"NIPPON INDIA ETF NIFTY 100",NETFNIF100,NIF100BEES,2022-05-10
"NIPPON INDIA ETF NIFTY MIDCAP 150",NETFMID150,MID150BEES,2022-05-10
"NIPPON INDIA ETF NV20",NETFNV20,NV20BEES,2022-05-10
"Nippon India Mutual Fund - ETF Nifty SDL - 2026 Maturity",NETFSDL26,SDL26BEES,2022-05-10
"Nippon India Mutual Fund - Nippon India ETF 5 Year Gilt",NETFGILT5Y,GILT5YBEES,2022-05-10
"Nippon India Mutual Fund - Nippon India Nifty Auto ETF",NETFAUTO,AUTOBEES,2022-05-10
"Nippon India Mutual Fund - Nippon India Nifty Pharma ETF",NETFPHARMA,PHARMABEES,2022-05-10
"Nippon India Mutual Fund - Nippon India Silver ETF",NETFSILVER,SILVERBEES,2022-05-10
"Nippon India Mutual Fund-Nippon India ETF Nifty CPSE Bond Plus S",NCPSESDL24,SDL24BEES,2022-05-10
"Nippon Life India Asset Management Limited",NETFIT,ITBEES,2022-05-10
"Sonu Infratech Limited",AAZCS3193G,SONUINFRA,2022-05-10
"HSIL Limited",HSIL,AGI,2022-05-11
"Samvardhana Motherson International Limited",MOTHERSUMI,MOTHERSON,2022-06-09
"Jupiter Wagons Limited",CEBBCO,JWL,2022-06-20
"Hindware Home Innovation Limited",SHIL,HINDWAREAP,2022-06-21
"ZUARI INDUSTRIES LIMITED",ZUARIGLOB,ZUARIIND,2022-07-04
"Patanjali Foods Limited",RUCHI,PATANJALI,2022-07-13
"Heads UP Ventures Limited",TMRVL,HEADSUP,2022-07-18
"COSMO FIRST LIMITED",COSMOFILMS,COSMOFIRST,2022-07-25
"NAVA LIMITED",NBVENTURES,NAVA,2022-07-29
"UNO Minda Limited",MINDAIND,UNOMINDA,2022-08-05
"MODISON LIMITED",MODISNME,MODISONLTD,2022-08-16
"TruCap Finance Limited",DHANVARSHA,TRU,2022-09-01
